,title,url
0,DokeV - World Premiere Gameplay Trailer | gamescom 2021,https://www.youtube.com/watch?v=FaRbQHlegaM
1,DokeV (도깨비) - 공식 발표 트레일러 | Pearl Abyss Connect 2019,https://www.youtube.com/watch?v=WtcQl41oFQI
2,펄어비스 도깨비 - 첫 공개 게임플레이,https://www.youtube.com/watch?v=gSIQM6cipNs
3,DokeV - Official Extended Gameplay Trailer | gamescom 2021,https://www.youtube.com/watch?v=LNXamzH_TQk
4,K게임을 보고 감동의 눈물이 나다니   '도깨비(DokeV)' 최초 게임 플레이 트레일러 4K,https://www.youtube.com/watch?v=0AyxckBXTlo
5,[도깨비의 메타버스] 메타버스 아세요? 저도 몰라요  들어도 모르겠어요 ,https://www.youtube.com/watch?v=kSpHiABsRNs
6,도깨비 게임 플레이 영상 분석! 진정한 국산 게임의 희망이다.. [휘재TV-게임뉴스],https://www.youtube.com/watch?v=2bjba1BMKME
7,ROCKSTAR (락스타) 가사 | 공식 발표 트레일러 OST - 도깨비 DokeV,https://www.youtube.com/watch?v=nsRgiwx7cg4
8,GAMESCOM 2021! Asmongold Reacts to All New Games & Trailers,https://www.youtube.com/watch?v=iX7pW_adefc
9,도깨비 월드 속으로 : 게임 오버뷰,https://www.youtube.com/watch?v=CH9HRqr3qnU
10,펄어비스 도깨비 생방송 해외반응 태세변환 레전드   ,https://www.youtube.com/watch?v=x_yDH5N_utc
11,DokeV: 가장 야심찬 오픈 월드 COOP 게임?,https://www.youtube.com/watch?v=Xz93tNogX3Q&pp=ugMICgJrbxABGAE%3D
12,DokeV Gameplay Trailer | Gamescom Opening Night Live 2021 Trailer,https://www.youtube.com/watch?v=Bha7Y9QG5ug
13, 전 세계가 주목하고 한국 게이머들을 열광시킨 K게임 '도깨비' 분석 (펄 어비스 신작),https://www.youtube.com/watch?v=fmYOHZtIgPc
14,"전 세계가 극찬하는 한국 게임 '도깨비' 해외반응 모음, 정말 긍정적 밖에 없을까?""",https://www.youtube.com/watch?v=OI0UzQltG1k
15,"Superbe Opening Night Live  Halo Infinite, Saints Row, Horizon, Dokev - PS5 / Xbox Series / PC",https://www.youtube.com/watch?v=Y4LLee7UXQY
16,오늘 공개된 한국 게임의 희망과 절망 (자막 추가) - 펄어비스 도깨비(Dokev) vs NC 블소2,https://www.youtube.com/watch?v=saxueoVvLgw
17,우리가 도깨비(DokeV)에 열광하는 이유 - 자막 추가,https://www.youtube.com/watch?v=kfBjXwxytWE
18,이게 게임이지   도깨비 해외 반응   ,https://www.youtube.com/watch?v=q4VmXoaRdas
19,DokeV - Official Developer Walkthrough | gamescom 2021,https://www.youtube.com/watch?v=_1Fu0Twlan8
20,도깨비(DokeV) 소름돋는 게임. 펄어비스 기술력이 국내최고? 블소2...   ...,https://www.youtube.com/watch?v=KOAzTkC3zvI
21,펄어비스 도깨비 프리뷰 극찬받은 한국 게임.. 지갑은 이런데 여는거다,https://www.youtube.com/watch?v=2yqZpz0Y2-E
22,엔씨 보고 있나? 이게 최신 게임이지.. 펄어비스 신작 도깨비 VS 엔씨 신작 블앤소2(리니지W) | 센터로드TV,https://www.youtube.com/watch?v=w7jaV_LoMCA
23,[도깨비] 한국 게이머로서 국뽕느끼기  (feat.해외 반응),https://www.youtube.com/watch?v=5Gry_GgMj08
24,출시일부터 과금 구조까지!! 개발자가 직접 답변한 질의응답 인터뷰 [펄어비스 도깨비],https://www.youtube.com/watch?v=2rwsjNuNkqY
25,DokeV Gameplay Trailer Gamers Live Reaction at Gamescom 2021,https://www.youtube.com/watch?v=gZnn3wgalhA
26,[외국인반응] 한국 게임의 희망. '도깨비'를 접한 외국인들의 반응은?,https://www.youtube.com/watch?v=KcuAeZqq1zc
27,"DokeV - World Premiere Official Gameplay Trailer Song: ""Rockstar"" (TAK Remix Version)",https://www.youtube.com/watch?v=CTF5A0AC4_A
28,DokeV - Official Reveal Trailer,https://www.youtube.com/watch?v=oOztyEwdtUY
29,Parah Sih Keren Banget DokeV! & Ada 2 Game Keren Yang Akan Rilis di Playstore,https://www.youtube.com/watch?v=tT07QefOFLA
30,"주가 떡상에는 이유가 있다, 펄어비스 도깨비(DokeV) [4K]",https://www.youtube.com/watch?v=YUIBd2a5n7s
31,나는 이것을 설명하기 시작조차 할 수 없다. . . . . .,https://www.youtube.com/watch?v=WfYIEGwYOn0&pp=ugMICgJrbxABGAE%3D
32,"K-GTA? K-포켓몬? 호평이 쏟아지는 펄어비스의 신작 ""도깨비(Dokev)"" 전격 공개!",https://www.youtube.com/watch?v=vD83VV9mKcI
33,"DokeV Reaction! Best Trailer Gamescom 2021 | Arceus, go home :D",https://www.youtube.com/watch?v=slN7zVn9IAw
34,"DF Direct Weekly #26: Gamescom 2021, DokeV, Forza Horizon 5, Intel Arc, RTX 3090... Super?",https://www.youtube.com/watch?v=uZpj8g5M1Wc
35,DokeV - Gamescom Trailer Reaction,https://www.youtube.com/watch?v=HvzxJVaWJXg
36,                                                   DokeV D   ,https://www.youtube.com/watch?v=LMxb0EBijsc
37,Is this the BEST looking game ever?! | DokeV Trailer Reaction | Gamescom ONL 2021,https://www.youtube.com/watch?v=_VlWOasPhtE
38,도깨비 트레일러 영상 공개 현장 반응 - 펄어비스 신작 [사키엘TV],https://www.youtube.com/watch?v=abF2a_PzNTc
39,DokeV (도깨비) 최초 발표 영상 - Pearl Abyss Connect 2019,https://www.youtube.com/watch?v=Fisgs-kZjBg
40,"DokeV - World Premiere Official Gameplay Trailer Song: ""Rockstar""",https://www.youtube.com/watch?v=Yt0KD4bMmYA
41,도깨비(DokeV) 게임플레이 트레일러 리액션 | Gamescom 2021,https://www.youtube.com/watch?v=5HewGWiWN9s
42,세계가 열광한 국산게임의 희망 펄어비스 신작[도깨비]프리뷰/DokeV 오픈월드게임 프리뷰,https://www.youtube.com/watch?v=NheXSTaalYI
43,O JOGO QUE DOMINOU A GAMESCOM DE 2021! | DOKEV,https://www.youtube.com/watch?v=uo2B6_O8J2g
44,"Gor's ""DokeV"" Gameplay Reveal Trailer REACTION (INSANITY!)",https://www.youtube.com/watch?v=WLW9OlrZBW0
45,"DokeV - ""ROCKSTAR"" (Original Version) - Official World Premiere Gameplay Trailer Song Music",https://www.youtube.com/watch?v=Aa6_uTCAt48
46,These Pok mon Clones are becoming TOO GOOD,https://www.youtube.com/watch?v=yciTQ3woRPE
47,What The Hell Is DokeV?,https://www.youtube.com/watch?v=aMnTRe9GVkQ
48,26일 공개 블소2 VS 도깨비 미친 두 게임을 소개합니다 - 엔씨와 펄어비스,https://www.youtube.com/watch?v=eILXiVHaN2A
49,펄어비스 도깨비 게임 댓글모음 (블소2와 극과극의 반응),https://www.youtube.com/watch?v=Wa4cmfIItE0
50,현재 난리난 펄어비스 도깨비 게임 그래픽    DokeV,https://www.youtube.com/watch?v=-2Uxu6Dz3As
51,DokeV Official Extended Gameplay Trailer Reaction! | Gamescom ONL 2021,https://www.youtube.com/watch?v=lH5RwgcoZhg
52,"DokeV - ""ROCKSTAR"" (TAK Remix Version) - Official World Premiere Gameplay Trailer Song Music",https://www.youtube.com/watch?v=C5oaFytcRjw
53,Korean Pokemon With Kpop And Magical Guns...Yes.,https://www.youtube.com/watch?v=DNSw6sleUo8
54,Gamescom Opening Night Live 2021 - Easy Allies Reactions,https://www.youtube.com/watch?v=n9_bxpz8CKA
55,"도깨비 펄어비스의 붉은사막, 세계에서 인정하고 있는 국산 RPG?? (Crimson Desert | Pearl Abyss)",https://www.youtube.com/watch?v=wbMTx6QsdjE
56,DokeV Gameplay Trailer REACTION!! Gamescom 2021 - The Hype Horn,https://www.youtube.com/watch?v=mklmkwgI5BI
57,어린시절로 돌아가는 듯한 느낌이 드는 게임 [펄어비스 도깨비],https://www.youtube.com/watch?v=VuvVORp35qk
58,DokeV VS Pokemon Legends: Arceus,https://www.youtube.com/watch?v=Aq4otwHcgfc
59,"[도깨비] - 펄어비스 2020년 첫 신작이 될 최고 기대작 ""도깨비"" 분석! 도깨비는 어떤 게임 일까??",https://www.youtube.com/watch?v=750kEopHySw
60, DokeV                                                   PC/CS ,https://www.youtube.com/watch?v=MejW8DKf7d0
61,"도깨비(DokeV) 추가정보 공개 - 세계관과 전투, BM관련 재화",https://www.youtube.com/watch?v=g9kk-0WQtLE
62,DokeV Open World                      Black Desert | Online Station Scoop,https://www.youtube.com/watch?v=GugI7sSPOo0
63,진짜 오랜만에 게임으로 국뽕 느껴본 도깨비 해외 반응,https://www.youtube.com/watch?v=-8xtNVArBVs
64,DokeV Gameplay Reveal Trailer Reaction Mashup,https://www.youtube.com/watch?v=5sZ9LHgANhc
65,DokeV Gamescom Trailer REACTION! (WHAT A LEGENDARY GAME!),https://www.youtube.com/watch?v=sTLfY1BcE_4
66,            DokeV                                      | Genshin Impact,https://www.youtube.com/watch?v=WtKUKEyapAQ
67,"                                   2020. TFT, Project PK, DokeV, Pascal's Wager, Harry Potter: MA",https://www.youtube.com/watch?v=sCDI0EWY9m4
68,펄어비스 도깨비(DokeV) 내가 한국게임을 인정하게 될 줄이야   ,https://www.youtube.com/watch?v=2wgFvkYn6hU
69,PlayStation | Xbox | PC : Ce NOUVEAU JEU en OPEN WORLD a l'air compl tement OUF !   Voici : DOKEV,https://www.youtube.com/watch?v=JTxiQ6rF4HY
70,[비트세이버] 펄어비스 도깨비(DokeV) - ROCKSTAR (TAK Remix),https://www.youtube.com/watch?v=L25Suu0pYP8
71,"전투? 배경? 꿈의 조각?, 펄 어비스 개발자가 말하는 도깨비의 디테일",https://www.youtube.com/watch?v=3sYjs2chpaM
72,Gamescom Opening Night 2021 REACTION + ANALYSIS - Gamescom 2021 Predictions,https://www.youtube.com/watch?v=Z2s4w3-WJSU
73,"[지스타2019] 펄어비스 신작 기대작 대방출! 트레일러 영상공개[도깨비,붉은사막,섀도우아레나,Plan8] 검은사막의 후속작!",https://www.youtube.com/watch?v=2NBFLH1dQTw
74, Game News DokeV                      ?,https://www.youtube.com/watch?v=we_Y8a--fTs
75,3D디자이너랑 같이 보기_도깨비_dokev (여러분 이제 솟대 알아요 ),https://www.youtube.com/watch?v=RSQI6GqE48U
76,Dokev: OPEN WORLD stile Pokemon BELLISSIMO da vedere!,https://www.youtube.com/watch?v=_Vb1RW-LoLw
77,DokeV - Official Extended Gameplay Trailer Reaction | Gamescom 2021,https://www.youtube.com/watch?v=fvbSoZHEG7o
78,Dokev Gameplay Overview - Future Games Show Gamescom 2021,https://www.youtube.com/watch?v=EZai5jPCyFA
79,"DOKEV -       ,               !             ",https://www.youtube.com/watch?v=XRekTG4GG3c
80,Semanal MMO 267 - DokeV el no MMO - Blade & Soul 2 - Vampire Bloodhunt - New World Open Beta y mas,https://www.youtube.com/watch?v=AkVrchiWUG0
81,DokeV Gamescom 2021 Opening Night Live | David Kang Trailer Reaction,https://www.youtube.com/watch?v=BgJtrlUgc6M
82,DokeV | Official Reveal Trailer | Pearl Abyss MMO,https://www.youtube.com/watch?v=0nMLksjtvkg
83,도깨비 OST - 락스타 DokeV OST - ROCKSTAR   1시간 듣기 1 hour loop  ,https://www.youtube.com/watch?v=TO_1l4Ar30c
84,Gamescom Opening Night Live 2021 - MinnMax's Live Reaction,https://www.youtube.com/watch?v=W-vD6ZM3WeE
85,펄어비스의 도깨비 한국 반응 댓글을 읽어보았습니다,https://www.youtube.com/watch?v=v3WD3w5Psp0
86,[도깨비] DoKeV 역대급 미친 그래픽 펄어비스 신작게임 게임플레이 영상 공개,https://www.youtube.com/watch?v=gjkGcPRSziQ
87,Pokemon-Style Creature Collecting in an Open World! DokeV First Gameplay Looks Crazy!,https://www.youtube.com/watch?v=folPX9KfWQ4
88,"DokeV 도깨비 게임 트레일러 노래 ""Rockstar""",https://www.youtube.com/watch?v=y2uCuBfn74k
89,DokeV: The Pokemon MMORPG We've All Been Waiting For?,https://www.youtube.com/watch?v=lxck7Z05kqs
90,Everything We Know about DokeV,https://www.youtube.com/watch?v=nqTvgrKGx-8
91,DokeV REACTION // DokeV - World Premiere 게임 플레이 예고편 | 게임스컴 2021,https://www.youtube.com/watch?v=I6zxw_gt5m0&pp=ugMICgJrbxABGAE%3D
92, 국뽕주의  도깨비 게임 트레일러 해외반응 모음    (전체 한글자막) DokeV 리액션 반응,https://www.youtube.com/watch?v=ToNvvWa-uRg
93,Stacz Reactz - DokeV | Pokemon x Digimon x Ghost Butsers,https://www.youtube.com/watch?v=Tfq92FI0DHw
94,WHAT IS THIS?! | DokeV Gameplay Trailer REACTION | Gamescom 2021,https://www.youtube.com/watch?v=bwTFyws69ls
95,"""도깨비"" 트레일러 속의 숨겨진 한국 요소들을 알아보자",https://www.youtube.com/watch?v=rn3k0cTW40Q
96,신나는 노동요는 이거다!! 소리빵빵 [펄어비스 도깨비 ost 락스타] 1시간 연속 재생,https://www.youtube.com/watch?v=RZQlXJ4HvdQ
97,Hat POKEMON ein PROBLEM    Kann DokeV eine Alternative sein?,https://www.youtube.com/watch?v=E1_t-DlHvhI
98,"Juegos GRATIS y Noticias de PC y Consola: Dokev, Elden Ring, Century Age of Ashes, New World y m s",https://www.youtube.com/watch?v=KxJ2hMxuufg
99,DokeV - 다가오는 몬스터 컬렉션 MMORPG | 예고편 반응 및 생각 w/Cryy,https://www.youtube.com/watch?v=jodzaPI5970&pp=ugMICgJrbxABGAE%3D
100,DokeV Official Gameplay Trailer | Reaction,https://www.youtube.com/watch?v=h-S1Rt-j4Jc
101,도깨비(DoKev)  블소2는 보거라..도깨비에 대한 모든걸 말하겠습니다,https://www.youtube.com/watch?v=KksSizjkEWc
102,#도깨비 #펄어비스 도깨비 개발자 인터뷰 이게 게임입니다 여러분 힐링하세요,https://www.youtube.com/watch?v=AYdIYPPgu1A
103,DokeV - Gameplay Reveal | Reaction,https://www.youtube.com/watch?v=sTAO0NQ2zsk
104,Luena - ROCKSTAR(TAK_Remix),https://www.youtube.com/watch?v=7e0CkCzrjzY
105,NEW OPEN WORLD Pokemon LIKE DokeV REACTION! Gamescom Opening Night Live 2021,https://www.youtube.com/watch?v=gW47xnryt3k
106,"Le VRAI Pok mon Next Gen ?! DokeV   Tortank Unite, DBZ Kakarot Switch & Nouvelle GBA SP Mod'  ",https://www.youtube.com/watch?v=NsRke9uTV5c
107,DokeV World Premiere Gameplay Trailer Reaction - IS THIS REAL!?,https://www.youtube.com/watch?v=TDsdfcoRZX4
108,"Reacting to Dokev, a game like Pokemon/Yokai-Watch - Gamescom 2021 Opening Live",https://www.youtube.com/watch?v=Sr50fhS-UyU
109,DokeV - Gameplay Trailer Reaction - cute creatures and amazing visuals!,https://www.youtube.com/watch?v=Wni7UTAt_Sc
110,My reaction to the DokeV Official Extended Gameplay Trailer | GAMEDAME REACTS,https://www.youtube.com/watch?v=y6OCAE6s1kk
111,충격적인 펄어비스 도깨비 트레일러 영상보고...느낀 리뷰,https://www.youtube.com/watch?v=fsbHsp9Sz1w
112,엔씨소프트 보고있제?? 대박 K게임 도깨비!! 이건 감동그자체..   리니지M 갈아타야되나..,https://www.youtube.com/watch?v=pjWg7AjU0_g
113,Horizon Forbidden West | Halo Infinite | COD Vanguard | DokeV | Elden Ring | Midnight Suns - WWP 294,https://www.youtube.com/watch?v=eoHMtsZr8ek
114,펄어비스 신작 DokeV (도깨비) 공식 발표 트레일러_댓글 반응 모음,https://www.youtube.com/watch?v=2kItFMAf-2M
115,"[블레이드앤소울2] 블소2 매출4위? 더 중요한건 ""메시지"" 입니다. feat.도깨비(dokev)",https://www.youtube.com/watch?v=AZbpKXLhgXs
116,[검은사막M]    펄어비스 신작 '도깨비(DokeV)' 트레일러 리뷰! (국뽕 한번 느껴보쉴~?),https://www.youtube.com/watch?v=N6FZaqSCfIo
117,"""DokeV"" Worth Playing 2020? | SKYLENT",https://www.youtube.com/watch?v=gVMCURhD3Z0
118,"DOKEV : Gameplay, monde ouvert impressionnant, Pok mon-like, coop... Tout savoir !",https://www.youtube.com/watch?v=n-1bJlk_VoI
119,DokeV is Back!! | Monster Taming Action Adventure Game Rooted in Korean Mythology!,https://www.youtube.com/watch?v=_9GUNdpQMh0
120,도깨비 트레일러 공개! 펄 어비스가 일 낸거 같아요!! 도깨비 (DokeV),https://www.youtube.com/watch?v=CSaNLg44gHc
121,DokeV - In-Game Environment (Night),https://www.youtube.com/watch?v=Z11oOZC5IZQ
122,DokeV - Official Extended Gameplay Trailer | gamescom 2021 REACTION!,https://www.youtube.com/watch?v=WGbQ65kMlnw
123,The Trailer for DokeV Hurt My Feelings | DokeV Trailer Reaction,https://www.youtube.com/watch?v=UE46eCDHYSo
124,DokeV - Official Extended Gameplay Trailer REACTION,https://www.youtube.com/watch?v=Bm5V0P3N_lk
125," 도깨비 (DokeV) OST - ROCKSTAR ver. Trailer   1시간 무광고 (1 Hours Loop), Lyrics",https://www.youtube.com/watch?v=8ORjdiJNHKM
126,QUAND POK MON RENCONTRE GENSHIN IMPACT - 5 Choses   Savoir sur DokeV,https://www.youtube.com/watch?v=3yVe5G8xFpU
127,Will this game KILL Pokemon ? DokeV Trailer Reaction,https://www.youtube.com/watch?v=85aTLfU0BwU
128,해외뿐만 아니라 국내에서도 난리 난 K-GTA 도깨비 분석 [DOKEV],https://www.youtube.com/watch?v=6YD77OSvFDc
129,DokeV: 실시간 전투가 가능한 3D 몬스터 길들이기 MMORPG! | 몬스터 테이머 쇼케이스,https://www.youtube.com/watch?v=_ZYyQJxKCxQ&pp=ugMICgJrbxABGAE%3D
130,DokeV - Theme song ROCKSTAR lyrics video (Korean + English),https://www.youtube.com/watch?v=MnAxm59ypoU
131,[ 도깨비 ] 게임 플레이 인게임 풋티지 트레일러 리액션 ( Dokev Ingame Footage Trailer Reaction ),https://www.youtube.com/watch?v=QVV2xC6bwZU
132,"gamescom 2021 Opening Night Live Reactions - Marvel's Midnight Suns, Saint's Row, Dokev & mehr!",https://www.youtube.com/watch?v=dAHxa3eZcBI
133,DokeV nimmt Pokemon & Yo-Kai Watch Hops! Nintendo Switch Version geplant? Trailer Reaction Deutsch,https://www.youtube.com/watch?v=NThWsmidl5w
134,"Pearl Abyss Reveal Their Next Game; DokeV, an Open World Adventure Game; Here's What We Know So Far!",https://www.youtube.com/watch?v=eNH8pEUnfpA
135,"DokeV, Halo Infinite Launch Details, & More - Gamescom News Roundup",https://www.youtube.com/watch?v=MKzaMj4xJVY
136,DokeV - Official Developer Walkthrough | gamescom 2021,https://www.youtube.com/watch?v=-TnbB87q1Ek
137,What Is This Dokev Game ?,https://www.youtube.com/watch?v=bnm_wDkoBEI
138,How DO This Pokemon MMO Look This Good?!? | Dokev Gameplay Reaction,https://www.youtube.com/watch?v=xh-znQxhaY8
139,펄어비스 대표와 도깨비(DokeV) 총괄 프로듀서가 직접 얘기하는 도깨비 이야기,https://www.youtube.com/watch?v=qeB-GCney1A
140,DOKEV - O Pokemon que a Nintendo N o Fez!,https://www.youtube.com/watch?v=sEsEsoB1lLs
141,DokeV Gamescom 2021 Trailer Reactions,https://www.youtube.com/watch?v=zseBTZySnUQ
142,"(G-STAR 2019 , 지스타) 최초공개! 펄어비스[Pearlabyss] 신작 ""도깨비,DokeV""",https://www.youtube.com/watch?v=2V2rJB9uODI
143,DokeV ACTUALLY LOOKS IMPRESSIVE! NEW GAMEPLAY TRAILER GAMESCOM,https://www.youtube.com/watch?v=OlcYqGdHzGI
144,도깨비(DoKev) 게임안에있는 실제 한국장소들 펄어비스 미쳤습니까!,https://www.youtube.com/watch?v=o8qc0WcT8HM
145, dokev 만두님들과 게임분석   #dokev (여러분 이제 솟대 알아요 ),https://www.youtube.com/watch?v=Ovr5iUZQFPg
146,DokeV - World Premiere 게임 플레이 예고편 반응 | 게임스컴 2021,https://www.youtube.com/watch?v=2_KaAam7wx0
147,"DokeV, Gameplay Trailer Reaction!",https://www.youtube.com/watch?v=i7TLH1EP6Aw
148,한국 게임계의 방향이 바뀔까? 다운로드 없이 엑박 게임 가능? (8월4째주 게임계 소식),https://www.youtube.com/watch?v=k3p5sRWOhfM
149,펄어비스 신작 DokeV (도깨비) 새로운 인게임 트레일러 공개! | 게임스컴 2021,https://www.youtube.com/watch?v=_8l9XIhJhwo
150,DOKEV REACTION GAMESCOM,https://www.youtube.com/watch?v=_oHO9tLDiRw
151,DokeV: Pok mon Open World? Tutte le novit  sul nuovo action Pearl Abyss,https://www.youtube.com/watch?v=TpJ_ITBTCpY
152,펄어비스 도깨비(DOKEV) 트레일러 실제장소 가봤습니다. (트레일러 패러디 - 다정나라),https://www.youtube.com/watch?v=MC--ExQYs7Y
153,DokeV NEW MONSTER TAMING RPG - Trailer Analysis and More Details! Gamescom 2021,https://www.youtube.com/watch?v=LoMmu-wfBRY
154,"펄어비스 신작 발표 도깨비 Dokev 트레일러, 지스타 2019",https://www.youtube.com/watch?v=Z8XYBbsVBv4
155,DokeV 트레일러 반응.,https://www.youtube.com/watch?v=Vz6Iu1H3BxI
156,DokeV Trailer Reaction! This Game Looks Incredible!!,https://www.youtube.com/watch?v=M3mr10SgS_E
157,가슴을 울리는!! 외국인의 펄어비스 도깨비 트레일러 리액션,https://www.youtube.com/watch?v=rfeM-FIfPDc
158,도깨비(DokeV)가 투니버스 애니메이션이었다면,https://www.youtube.com/watch?v=0e73Jnd_k88
159,SHOULD YOU be HYPED for DOKEV ?,https://www.youtube.com/watch?v=M9_1giB4btw
160,Korean gamer reacting to DokeV trailer #DokeV,https://www.youtube.com/watch?v=vxtfKrDjYS8
161,DokeV By Pearlabyss Game Pokemon dengan grafis yang Lebih gila ( Develophernya Black Desert ),https://www.youtube.com/watch?v=Roj8gtepjUg
162,DOKEV - MMORPG Coreano no Estilo Pokemon,https://www.youtube.com/watch?v=MqtnZ5TBi8Y
163,도깨비(DokeV) - 게임플레이 첫 공개 (펄어비스 메타버스 신작),https://www.youtube.com/watch?v=z18W5un5v5A
164,Black Desert Online LIVE #30         DokeV +                     +         MMOBYTE,https://www.youtube.com/watch?v=Q6JxaFthNd4
165,JE VEUX TROP CE JEU !!! - DokeV,https://www.youtube.com/watch?v=frMpFEHnYaY
166,WHAT IN THE WORLD IS DokeV - REACTION,https://www.youtube.com/watch?v=0hEBdZTSBAw
167,DokeV Official Reveal Trailer | Pearl Abyss Connect G-Star 2019,https://www.youtube.com/watch?v=xhEsOXxJerU
168,DokeV | Upcoming Open World MMORPG,https://www.youtube.com/watch?v=JaUw3uzCNh8
169,DokeV - In-game night scene teaser video,https://www.youtube.com/watch?v=4-GoAN7gJYY
170,DokeV GamePlay Trailer Reaction! | Gamescom 2021! DokeV Looks Beautiful!,https://www.youtube.com/watch?v=NDgebOnyG2I
171,"ROCKSTAR (TAK_Remix, 1 Hour, En Lyrics) - DokeV Trailer OST Song",https://www.youtube.com/watch?v=UsSPrlhj0jM
172,DokeV GamePlay PewDiePie,https://www.youtube.com/watch?v=3ON24bKliy0
173,도깨비(DoKev) 8월26일 새벽4시 게임플레이 영상 공개후 유저분들의 반응!?!,https://www.youtube.com/watch?v=LuWpZjK3nvg
174,DokeV   Gamescom 2021 Trailer Reaction,https://www.youtube.com/watch?v=ktmit0f938c
175,Shadow Arena | Plan 8 | DokeV | Crimson Desert | Pearl Abyss New Trailers | G-STAR 2019,https://www.youtube.com/watch?v=KMR1ZYAyyII
176,[DokeV] k-게임의 미래! 도깨비   펄어비스vs엔씨소프트 소신발언!!!,https://www.youtube.com/watch?v=gX6m-OvSy2U
177,DokeV World Premiere Trailer | Gamescom Opening Night Live 2021,https://www.youtube.com/watch?v=enXytPN-ufg
178,도깨비(DokeV) 트레일러 OST - ROCKSTAR (TAK_Remix) 1시간 버전,https://www.youtube.com/watch?v=OZxdr6Mb36I
179,CRIMSON DESERT | PLAN 8 | DOKEV -  QUE SON? TRAILERS NUEVOS DE PEARL ABYSS,https://www.youtube.com/watch?v=x3e7xFiytfw
180,DokeV upcoming Beta test 2020! Creature Collection MMO.,https://www.youtube.com/watch?v=a_Ptp_iHZbU
181,한국 현실고증 촉법도깨비 (DokeV),https://www.youtube.com/watch?v=M_BpiUj6sQg
182,Dokev = Ghostbusting With Pokemon! | #Dokev #DokevTrailer #DokevReaction #DokevGameplay,https://www.youtube.com/watch?v=N98bz8PzCzQ
183,DokeV Game Overview Trailer,https://www.youtube.com/watch?v=Fxasoz4oXYU
184,DOKEV n'est plus un MMO ! LOST ARK en 2022 - SWORDS OF LEGENDS ONLINE & plus encore ! Actu MMO #112,https://www.youtube.com/watch?v=lbVe1uQMElI
185,DokeV - Official Extended Gameplay Trailer | gamescom 2021,https://www.youtube.com/watch?v=Ifjrgq3_tWg
186,                     DokeV              iOS /                        ,https://www.youtube.com/watch?v=Pmm79IOIfLI
187,DokeV - pokemony od tw rc w Black Desert?  ,https://www.youtube.com/watch?v=xLWsEAZlkB4
188,Telefonlar  Yakacak Yeni Online A  k D nya Mobil Oyun DokeV!  oklu Platform,https://www.youtube.com/watch?v=p3D5sXgJOHY
189,DokeV - Official G-Star 2019 trailer,https://www.youtube.com/watch?v=BTvrL_fr6ec
190,도깨비(DokeV) 펄어비스 스파이더맨 노 웨이 홈 투표중,https://www.youtube.com/watch?v=KCq-lESTq60
191,도깨비 OST - 락스타 ( 가사 ) DokeV OST - ROCKSTAR ( Lyrics )   공식 발표 트레일러  ,https://www.youtube.com/watch?v=T4m11pne5vA
192,도깨비(DoKev) 8월31일 새로운소식 펄어비스 '개발 뒷이야기',https://www.youtube.com/watch?v=sFZSXxV84_0
193,     DokeV            G-Star 2019 ,https://www.youtube.com/watch?v=mN-4Ak36oMo
194,"기대되는 신작 트레일러 같이 보기! | 국산겜 도깨비 DokeV, 파크 비욘드 Park BEYOND",https://www.youtube.com/watch?v=yiZnu8_8uZc
195,DokeV - 공식개발진 해설 | DokeV - Official Developer Walkthrough | Gamescom 2021 | REACTION!,https://www.youtube.com/watch?v=1rRGXgIxMFw
196,YOUTUBERS REAGINDO AO TRAILER DE GAMEPLAY DO DOKEV,https://www.youtube.com/watch?v=JPgYwLqEgw0
197,What Makes DOKEV Different or Better than Pokemon - Battles Info,https://www.youtube.com/watch?v=G-solc3_E38
198,"Pearl Abyss TRAILERS NEW GAMES | Crimson Desert, Shadow Arena, DokeV, Plan 8",https://www.youtube.com/watch?v=adzmB8C5mRA
199,DokeV :                                   !,https://www.youtube.com/watch?v=PgaFGV4eHo4
200,도깨비 붉은사막 개발사 보고 궁금해서 시작한 검은사막 리뷰(뉴비 편),https://www.youtube.com/watch?v=XDNT7-XW13w
201,MORE Gamers Live Reaction DokeV Gameplay Trailer at Gamescom 2021,https://www.youtube.com/watch?v=mom_2inFygA
202,C'EST QUOI  A ?! C'EST OUF !!   - DOKEV - R ACTION & ANALYSE !,https://www.youtube.com/watch?v=OGq7fuoewuc
203,Pearl Abyss new MMORPG - DokeV (coming soon),https://www.youtube.com/watch?v=8vEqVRyZUwc
204,DokeV는 MMO가 아닙니다!,https://www.youtube.com/watch?v=q0Ru2M4CUWQ&pp=ugMICgJrbxABGAE%3D
205,"DokeV - ""ROCKSTAR"" Special Theme Mix | Trailer Music Song Mix (Official Trailer Music - Soundtrack)",https://www.youtube.com/watch?v=Hd6i2xMJRdU
206,DokeV Announcement Reaction!,https://www.youtube.com/watch?v=FRava53Yj-8
207,Reaction to DokeV - Official Extended Gameplay Trailer | gamescom 2021,https://www.youtube.com/watch?v=c-0WBVOl6eY
208,"Kimetsu no Yaiba, KOF XV, Tales Of Arise, Dokev e mais - Opening Night Live Gamescom 2021",https://www.youtube.com/watch?v=VSvXSyvsp9U
209,DokeV - Gameplay Trailer - Gamescom 2021 - Open World MMO - KR/EN,https://www.youtube.com/watch?v=Vb4bwhG96JU
210,DokeV is the best game at Gamescom! #shorts,https://www.youtube.com/watch?v=SDdCKxl0J7U
211,The game I've been waiting for.... DokeV - Official Extended Gameplay Reaction!,https://www.youtube.com/watch?v=6tY_Qzjdlw8
212,DokeV REACTION // DokeV - World Premiere Gameplay Trailer | Gamescom 2021,https://www.youtube.com/watch?v=z0YzfS4LxR4
213,DOKEV: un OPEN WORLD K/POP con meccaniche POKEMON?! Sono confuso ma lo voglio!,https://www.youtube.com/watch?v=JkCwMV-mgPc
214,What is DokeV? | Upcoming PC and Console Game,https://www.youtube.com/watch?v=FD1JSCOmF-s
215,"Crimson Desert, Plan 8, DokeV, ce qu'on sait des nouveaux MMO Pearl Abyss",https://www.youtube.com/watch?v=nuxZkkLkH94
216,펄어비스 도깨비(DokeV) OST / ROCKSTAR (TAK Remix) [기타 커버],https://www.youtube.com/watch?v=QeoxjyZ3IoI
217,[도깨비] DoKeV  국뽕에 취하고 싶은 분들 이게임 입니다! 신작게임 게임플레이 영상 공개,https://www.youtube.com/watch?v=fkcIKQThyNE
218,"Monster Tamer 뉴스: DokeV의 귀환, Monster Rancher Remaster, Untamed Isles MMO Kickstarter 등!",https://www.youtube.com/watch?v=j5Jdp-hieWM&pp=ugMICgJrbxABGAE%3D
219,"Pearl Abyss - G Star 2019 Reaction - Crimson Desert, Plan 8, Dokev",https://www.youtube.com/watch?v=yCsZdUavrWE
220,DokeV - Official Video Trailer (Tak_Remix),https://www.youtube.com/watch?v=fRzCq2JI9oY
221,펄어비스 주가 상승!! 신작 도깨비(DokeV) 최초 게임 플레이 영상,https://www.youtube.com/watch?v=uES2NPiuOTU
222,Game Jaman Sekarang Ga Ada Obat | DokeV Trailer Gameplay | MMORPG Open World Terbaru 2021,https://www.youtube.com/watch?v=K8gbvYTuhM0
223,도깨비 - 공식 예고편,https://www.youtube.com/watch?v=Axnyf80R7uA
224,DOKEV [4K] - I AM READY FOR IT,https://www.youtube.com/watch?v=yYd5ddAfiuk
225,Rockstar [DokeV (도깨비) Trailer] Guitar cover,https://www.youtube.com/watch?v=LLwJAL5Ptz0
226,"""IS THAT A HAMMER?!"" DokeV REACTION | Hikaru REACTS",https://www.youtube.com/watch?v=c1SNUxijlhI
227,펄어비스 차기작 도깨비(Dokev) 짧은 인게임 영상.,https://www.youtube.com/watch?v=vdJSdT1go8k
228,Dokev Gamescom 2021 Reaction,https://www.youtube.com/watch?v=T7-NqQNVGBs
229,   GTA                                                           MGS    PS5    Gamescom2021       ,https://www.youtube.com/watch?v=K4vIkHhrpAw
230,The Best Game That Will Ever Come Out EVER!!! (DokeV),https://www.youtube.com/watch?v=GyuZbLlWMIs
231,MOBILE OPEN WORLD MMO POKEMON RIVAL?! | DokeV (도깨비),https://www.youtube.com/watch?v=21ZL8xtPrhQ
232,Partez   la D COUVERTE des DOKEBIS dans DOKEV : le nouveau JEU D LIRANT du studio Pearl Abyss !  ,https://www.youtube.com/watch?v=-ZH1qNn7__o
233,DokeV - G-Star 2019,https://www.youtube.com/watch?v=WJC0odiEqmA
234,Dokev Gamescom 2021 show case,https://www.youtube.com/watch?v=rIX2KEsyrb4
235,NOWE INFORMACJE O DokeV! Czy to nadal MMO?,https://www.youtube.com/watch?v=TGhSaD1dciw
236,New DokeV Trailer is Here!! | Lore and Gameplay!,https://www.youtube.com/watch?v=_Ux7KWGAe-k
237,도크브이 - 인사 공식 트레일러 공개 REACTION! | 2021년 펄어비스 커넥트 2019부터,https://www.youtube.com/watch?v=KDkTQpnevEE&pp=ugMICgJrbxABGAE%3D
238,"PASS OR PLAY? - ""DokeV""",https://www.youtube.com/watch?v=QTLjmWJSrZ0
239,DOKEV Gamescom Trailer LIVE REACTION,https://www.youtube.com/watch?v=IXvALUsvqVE
240,ROCKSTAR (TAK_Remix - EN Lyrics Video) | Trailer OST - DokeV Song,https://www.youtube.com/watch?v=EtFqh96-yHI
241,PEARL ABYSS RELEASES NEW THEME AND PICS FOR DoKeV! ALSO GOT SOME NEW GAME INFO!! DoKeBi? ;),https://www.youtube.com/watch?v=N2kN2xIomd8
242,DokeV Official Extended Gameplay Trailer | gamescom 2021 reaction,https://www.youtube.com/watch?v=uheZeLyNqNA
243,[검은사막M] 도깨비(DokeV) 게임 오버뷰! 최초공개 개발자인터뷰!,https://www.youtube.com/watch?v=SfwPd7ldh4I
244,DokeV Lo bueno y lo malo. Podr s jugarlo en tu PC?. Opini n t cnica.,https://www.youtube.com/watch?v=JuhsCLA700o
245,Upcoming Games Dokev Official Gameplay Trailer Reaction | Gamescom 2021,https://www.youtube.com/watch?v=a4NM7QQ2djw
246,DokeV Official Gameplay Trailer | Reaction GamesCom 2021,https://www.youtube.com/watch?v=BocClSW1lYU
247,GTA + 포켓몬 + 몬헌?? 톨보이의 게임스컴 2021 도깨비(Dokev) 트레일러 소감,https://www.youtube.com/watch?v=CebEg64vdi0
248,"L'ASIE ARRIVE EN FORCE DANS LE JEU VID O (DokeV, Black Myth Wukong, Lost Soul Aside...)",https://www.youtube.com/watch?v=zlO7hHrqSaI
249,WTH is DokeV?,https://www.youtube.com/watch?v=IR13hI-D9cI
250,YourRAGE Reacts To DokeV - Official Extended Gameplay Trailer,https://www.youtube.com/watch?v=mBEK0E53BOo
251,게임DoKeV 주제곡 Rock Star 부른 가수가 혹시 ITZY의 유나 아닐까?,https://www.youtube.com/watch?v=N2abmMJ3c2E
252,DokeV: The Online Game EVERYONE Will Be Playing Next Year ( Grand Theft Pokemon Busters ),https://www.youtube.com/watch?v=XUJkBeNPPGc
253,도깨비(DoKev)  펄어비스 개발자 인터뷰 모든걸 설명한다. -게임 오버뷰,https://www.youtube.com/watch?v=gPBAki8O00c
254,펄어비스 찐직원도 도깨비 트레일러 보고 감동먹음  도깨비 트레일러 리액션 펄크루트 펄어비스 채용 도깨비,https://www.youtube.com/watch?v=6-73dpBhhPU
255,ESTE JUEGO ES UNA FUMADA... Y ME ENCANTA!!  DOKEV - TODOS LOS DETALLES Y GAMEPLAY en Espa ol,https://www.youtube.com/watch?v=e8Vc3FGVdfU
256,DokeV라고 알아요? K-게임의 미래 도깨비만 믿고 가자! 외 - 하프위크뉴스(8월 4주차 후반),https://www.youtube.com/watch?v=v87QfWYks3I
257,DokeV - Gamescom 2021 gameplay trailer (from the makers of Black Desert),https://www.youtube.com/watch?v=G-aDMYbSILE
258,DokeV - ANDROID & IOS First Look Trailer HD,https://www.youtube.com/watch?v=j-_P8fZyl30
259,Dont Judge DokeV Too Soon,https://www.youtube.com/watch?v=GZZzRkIeCs8
260,"4                  Pearl Abyss: Shadow Arena, PLAN 8, DokeV   Crimson Desert",https://www.youtube.com/watch?v=wXSx0qJqh9o
261,DokeV un maravilloso mundo m gico,https://www.youtube.com/watch?v=ca3-HCckakg
262,What is DokeV? Trailer First Impressions.,https://www.youtube.com/watch?v=GrjWiNJdpF8
263,[지스타2019] 펄어비스 신작 '도깨비(DokeV)' 트레일러 공개 현장,https://www.youtube.com/watch?v=5muBBIVLdXA
264,블소2 로 상처받은 유저들에게 펄어비스 신작 도깨비 인게임 그래픽 & 뮤직비디오 KOREA GAME : DOKEV INGAME + MUSIC VIDEO,https://www.youtube.com/watch?v=Bp2i_jvmBdA
265,"DOKEV - Das koreanische ""Pokemon""  berraschte uns alle",https://www.youtube.com/watch?v=dq0_BTjFvdE
266,DokeV REACTION! JUST WOW!,https://www.youtube.com/watch?v=2gDzlG4vyY8
267, DokeV                -        !!,https://www.youtube.com/watch?v=2nLUIBfFsjU
268,게임 안 좋아하던 사람도 하고 싶게 만드는 'DokeV 도깨비' 게임 트레일러 영상 리뷰 해보기 DokeV Trailer Reaction,https://www.youtube.com/watch?v=KTz8cLabaEs
269,DokeV - Gameplay Reveal Trailer,https://www.youtube.com/watch?v=KbZi_8YpZ4o
270,Dokev: Press Announcement/CN Version Coming 2020/PC Console and Mobile,https://www.youtube.com/watch?v=jJyRBPlF-Dg
271,"DokeV 펄어비스 도깨비 OST 락스타 1시간 논스톱재생 1 Play for an hour, rock star. #도깨비 #펄어비스 #락스타 #검은사막 #블소2 #오딘",https://www.youtube.com/watch?v=ZCo7Ou1-FIY
272,"도깨비가 특별한 이유, 감성과 디테일",https://www.youtube.com/watch?v=Q8THkWW-WT0
273,Yeni G lgeler Arenas ...Plan 8....DokeV....Crimson Desert Trailer,https://www.youtube.com/watch?v=02urF6_AFdk
274,"펄어비스, 게임스컴에서 도깨비 공개할 가능성 높은 이유",https://www.youtube.com/watch?v=4isPwCaazNI
275,New Open World MMO! Dokev - Android IOS PC Gameplay Trailer,https://www.youtube.com/watch?v=cR8i2X_rgJQ
276,DokeV             -                      ,https://www.youtube.com/watch?v=k9PvdYhSysc
277,   DokeV                              K    DokeV     ,https://www.youtube.com/watch?v=ZYncIMxPmIY
278,DokeV: World Premiere Gameplay Trailer | Gamescom 2021 Reveal,https://www.youtube.com/watch?v=fAIIlcHj40Q
279,Inside DokeV Game Overview Reaction - Open World Action Game! Capture ALL DOKEBI!,https://www.youtube.com/watch?v=umS5QUtxEZw
280,"DokeV | New Open World Pokemon-Like Console MMORPG - Trailer Breakdown, Info & More!  ",https://www.youtube.com/watch?v=CFW0yxBiqt0
281,펄어비스 도깨비 트레일러 _ Dokev Gameplay Trailer,https://www.youtube.com/watch?v=YSEJosSYHFk
282,  요청 영상   도깨비 OST - 락스타 ( 가사 ) DokeV OST - ROCKSTAR ( Lyrics )   1시간 듣기 1 hour loop  ,https://www.youtube.com/watch?v=1MB64WLv8XE
283,  요청 영상   도깨비 OST - 락스타 ( TAK Remix ) DokeV OST - ROCKSTAR ( TAK Remix )   1시간 듣기 1 hour loop  ,https://www.youtube.com/watch?v=wXqMVSIVT1c
284,Dokev!!! Gamescom Opening Night Live 2021 REACT,https://www.youtube.com/watch?v=aZyb1q_DkCA
285,DokeV - O Novo Jogo de Captura de Monstrinhos da Pearl Abyss,https://www.youtube.com/watch?v=rO4h2vyHe7M
286,knify REACTS: DokeV - World Premiere Gameplay Trailer | gamescom 2021,https://www.youtube.com/watch?v=PFkzxLaDxgw
287,DokeV                          Open World                   ,https://www.youtube.com/watch?v=1S_DNSjhn1s
288,DokeV - Official Extended Gameplay Trailer | gamescom 2021 Reaction   ,https://www.youtube.com/watch?v=PRLRuECc0DA
289,VAI MUDAR o conceito de JOGO de CRIAN A - DokeV,https://www.youtube.com/watch?v=J20v_GYXAgE
290,SANGAT INDAH ! POKEMON HARUS TAKUT DENGAN GAME INI - DOKEV INDONESIA REACTION,https://www.youtube.com/watch?v=x6_hsMeu7rY
291,도깨비 개발자 등장! 게임스컴 도깨비 트레일러 비하인드 썰풉니다  펄크루트 펄어비스 채용 DokeV,https://www.youtube.com/watch?v=gv1emeA5Ovc
292,DokeV - Official Gameplay Trailer Reaction,https://www.youtube.com/watch?v=oQVLQCHRQ48
293,DOKEV : LE SUCCESSEUR DE POKEMON,https://www.youtube.com/watch?v=nOebBDR0V2w
294,"Week 35 News Roundup! Lost Ark, Last Epoch, New World, Wolcen, Dokev & Much More!!",https://www.youtube.com/watch?v=xzzC2WA0mfk
295,DokeV Mobile | Update | Hindi | Releasing Year | Open-World Pokemon Style Game |,https://www.youtube.com/watch?v=a4QC6xZcpys
296,DokeV the game I always wanted to play | DokeV Trailer Reaction,https://www.youtube.com/watch?v=oXscu2RbZlo
297,DokeV - Another Monster Collecting MMO?!,https://www.youtube.com/watch?v=fF3gAChJQaU
298,K-GAME 그래픽 퀄리티 맛집 펄어비스 오픈월드 DOKEV #Shorts,https://www.youtube.com/watch?v=wq9TduNBmZ4
299,DokeV Looks Wildly Good,https://www.youtube.com/watch?v=6mdY_xWBO8U
300,"펄어비스 DokeV 도깨비 게임 트레일러 노래 ""Rockstar"" TAK 리믹스 제로투 댄스 Ver",https://www.youtube.com/watch?v=Z6ehXG1VuKc
301,O Trailer de DokeV   Real? | JogabiliClipes,https://www.youtube.com/watch?v=eJ7yzQhoJkU
302,"펄어비스 주가 전망_신작게임 도깨비, 붉은사막, 플랜8로 살펴본 주가 전망, 공매도 분석, 엔씨소프트 주식 주가 전망, 불매, 가족 채용, 엔씨소프트 게임 신작",https://www.youtube.com/watch?v=nbfHzLwmY-w
303,DokeV New Open World MMO | Creature Collecting Action Adventure By Pearl Abyss,https://www.youtube.com/watch?v=gzg6tlVyRpc
304,도깨비 OST - 락스타(Remix) 1시간 | DoKeV OST - ROCKSTAR(Remix) 1hour 내가 들으려고 만든 1시간 루프,https://www.youtube.com/watch?v=f0LlHVTWj4g
305,단타매매영상 | 도깨비(DokeV) 국뽕에 취한다~! | 펄어비스에서 폭풍단타,https://www.youtube.com/watch?v=c3ShyjB4G2A
306,DokeV -             PA     Teaser               2022     ,https://www.youtube.com/watch?v=FGpuzkCElp8
307,DokeV Gameplay Trailer Reaction,https://www.youtube.com/watch?v=_5wMz7a8D68
308,DokeV Extended Gameplay Demo Walkthrough - An Upcoming Open World Action Adventure Game/PC/PS5/XBOX,https://www.youtube.com/watch?v=8j2nYkZhJ7U
309,DokeV - Gameplay Trailer Song: ROCKSTAR (Piano Cover + Sheet Music),https://www.youtube.com/watch?v=ZzOH6IzJI9k
310,This Game Is Going To Be Something Special! | Burn Reaction: DokeV,https://www.youtube.com/watch?v=VV5uKXQFRwk
311,Dokev - Gameplay Trailer/100% Banger HypeWatch/PC PS4 Xbox,https://www.youtube.com/watch?v=VCkIqoIKxho
312,DOKEV! O POK MON QUE VOC  SEMPRE SONHOU! DOKEV | POK MON | NOT CIAS,https://www.youtube.com/watch?v=mHH3A1a4co8
313,"Unbelievable Quality Next Pearl Abyss Game ""DokeV"" Trailer    ",https://www.youtube.com/watch?v=qsvehhoMjtw
314,DokeV - ROCKSTAR (TAK Mix),https://www.youtube.com/watch?v=i0rXp1lnZUY
315,"Gaming News Recap #158 - News on DokeV, Mortal Online 2, Hearthstone: Mercenaries & More!",https://www.youtube.com/watch?v=ftVU_F2_Pw0
316,펄어비스 신작 도깨비 인게임 트레일러 리뷰(DokeV ingame trailer review),https://www.youtube.com/watch?v=-rH_ehyhsSA
317,도깨비 DokeV 게임플레이영상..#Shorts,https://www.youtube.com/watch?v=LkfLo0by3-o
318, Speed Painting  펄어비스 DOKEV 팬아트,https://www.youtube.com/watch?v=CdSIQWUGxrE
319,이 게임 대박 날꺼같은데? 펄어비스 [DokeV],https://www.youtube.com/watch?v=L1xOM1WUYTY
320,DOKEV D-Day 2011,https://www.youtube.com/watch?v=D9KzZCkuP5w
321,OMG THIS GAME LOOKS SO GOOD!! | DokeV Gamescom,https://www.youtube.com/watch?v=v47gO52VS98
322,[Live] VodTheTalk EP.2 - DokeV                         ,https://www.youtube.com/watch?v=qj89IVKQFR0
323,DOKEV. Tr iler GAMEPLAY a 4K. Acci n y aventura en MUNDO ABIERTO. Color y DIVERSI N,https://www.youtube.com/watch?v=2MZrzdfXzUE
324,DOKEV TERNYATA RILIS DI MOBILE - DOKEV #1,https://www.youtube.com/watch?v=AJk45DgBMyQ
325,Dokev not a mmo any more?,https://www.youtube.com/watch?v=4fB68qaX_lU
326,"[DokeV] ""도깨비"" 게임 뭔데 이리 귀엽냐",https://www.youtube.com/watch?v=uZKF_0AsRMs
327,"1분컷! 주가 떡상의 이유! 펄어비스의 도깨비(DokeV), 모든 게이머들이 기대 중.. 3N 격파 각? e알남",https://www.youtube.com/watch?v=RNhyKMK3MP0
328,DokeV Trailer Reaction,https://www.youtube.com/watch?v=ciT8DmA3ab4
329,This open-world game is Pokemon + Kingdom Hearts: DokeV (gameplay trailer),https://www.youtube.com/watch?v=JkkwXBhy5zg
330,K게임 펄어비스 시청주의 화장실 다녀오세요. 도깨비(DokeV) 게임 플레이 최초 트레일러 [ 뿅식이 게임소개 ],https://www.youtube.com/watch?v=_pZWim6q_dk
331,DokeV Saints Row and Bees?!? ( Aliens Fireteam Elite Gameplay),https://www.youtube.com/watch?v=33gqfhqquVs
332,[지스타2019] 펄어비스 신작 도깨비(Dokev) 트레일러 공개현장 | 펄어비스 커넥트(Pearl Abyss Connect),https://www.youtube.com/watch?v=35Do9C1u8Hg
333,Pearl Abyss Announces DokeV as New Adorable MMO | Gameplay Trailer Reaction,https://www.youtube.com/watch?v=4JD-MAMb26c
334,DokeV LOOKS KINDA INSANE THO | Reaction To Gamescom 2021: Opening Night Live,https://www.youtube.com/watch?v=3qysFN1cmP0
335,DOKEV Juego MMO Open World (Trailer) Android    ,https://www.youtube.com/watch?v=1ueV3ckv_Zo
336,DokeV Gamescom 2021 Trailer Reaction Video,https://www.youtube.com/watch?v=VKHJlTtijMg
337,펄어비스 도깨비 DokeV OST 락스타,https://www.youtube.com/watch?v=hMRqV0ljr00
338,"Always Online Podcast: Aliens Fireteam Elite Review, DokeV Thoughts, And Lost Ark Delayed Ep 401",https://www.youtube.com/watch?v=luNR4GMGhRs
339,DokeV trailer tiktok review,https://www.youtube.com/watch?v=8WYKJl7jpDA
340,"도깨비 Dokev 게임 플레이 영상, 오픈월드 게임 추천",https://www.youtube.com/watch?v=ftvg-WS6nO4
341,Dokev a pokemon-like open world action adventure that looks so good. Coming out on 2022. #Gamescom,https://www.youtube.com/watch?v=s-eNBApiuS4
342,DokeV Game Pokemon ala Pearl Abyss | Info Terbaru dan Link Pre - Register,https://www.youtube.com/watch?v=Rfz1CC0kQsg
343,펄어비스 도깨비 게임플레이 트레일러 댓글모음 Pearl Abyss dokev gameplay trailer comment collection,https://www.youtube.com/watch?v=WH93D_zo0SU
344,YourRAGE Reacts To DokeV - Official Extended Gameplay Trailer | gamescom 2021,https://www.youtube.com/watch?v=ZU4tax_xJqQ
345,DOKEV MOBILE : HOW TO DOWNLOAD || MMORPG game || PRE REGISTER NOW AVAILABLE | TAMIL,https://www.youtube.com/watch?v=m-glKd67O1k
346,What is DokeV? A monster taming mmo!,https://www.youtube.com/watch?v=eC1hFgPTmNI
347,DokeV GTA Is Awesome | DokeV Multiplayer Explained,https://www.youtube.com/watch?v=2IwaKIXbq1E
348,Dokev Gamescom 2021 Short Trailer,https://www.youtube.com/watch?v=6Uem4SUXkf8
349,도깨비 [DokeV] 게임플레이 트레일러,https://www.youtube.com/watch?v=b5b3pCCTD_k
350,도깨비(DokeV) - 월드 프리미어 게임플레이 트레일러 l 펄어비스 신작!,https://www.youtube.com/watch?v=-m63tmSfZz0
351,My reaction to the DokeV Official Developer Walkthrough Trailer | GAMEDAME REACTS,https://www.youtube.com/watch?v=0HJxvvbpz74
352,DokeV Gameplay Trailer From Gamecom 2021,https://www.youtube.com/watch?v=X383cjw2Q2M
353,DokeV | Release Date & Leaks | All News & Rumors | Latest Update,https://www.youtube.com/watch?v=ozAuaJmKUyU
354,Game Aksi Petualangan Open World Gaya Pokemon Buatan Pearl Abyss ! | DOKEV,https://www.youtube.com/watch?v=5o1Y6kGDkms
355,Information on DokeV you might not know #DokeV,https://www.youtube.com/watch?v=3OzNkEF2qgA
356,DokeV gameplay - Upcoming action Open-world MMO game trailer + in-game footage Release in 2022,https://www.youtube.com/watch?v=XlzxwiNoK6g
357,도깨비 게임플레이 트레일러 영상DoKeV,https://www.youtube.com/watch?v=8tDQfHEERAo
358,DOKEV! EL HIJO DE MONSTER HUNTER Y POKEMON! | JORLOL,https://www.youtube.com/watch?v=t64XIasdneU
359,DokeV World Premiere Gameplay Trailer Reaction,https://www.youtube.com/watch?v=WnBqJPcEFX0
360, 펄 어비스  DoKeV 도깨비는 어떤게임일까? | 수집형+변신+어드벤처,https://www.youtube.com/watch?v=_fh3GwKKuyY
361,DOKEV Onderlinge wedstrijd 19 03 2011 HD720,https://www.youtube.com/watch?v=RiMbuAO1c6c
362,Rockstar [DokeV (도깨비) Trailer(very low sound)] Guitar only.ver,https://www.youtube.com/watch?v=ws-kF1ic6Gw
363,DokeV - World Premiere Gameplay Trailer | gamescom 2021 reaction,https://www.youtube.com/watch?v=3hbD5kGLEQk
364,Game of the show at Gamescom...DokeV #shorts #gaming #dokev #pokemon,https://www.youtube.com/watch?v=QQU1OG1YJT8
365,pearlabyss dokev펄어비스 도깨비 메타버스 게임 대박인듯 어여출시하삼,https://www.youtube.com/watch?v=xbJhRifJfts
366,DokeV Gameplay and Trailer,https://www.youtube.com/watch?v=h7RNCh-4Rv8
367,DokeV WTF is this?,https://www.youtube.com/watch?v=RVN4dYcnhKM
368,[펄어비스 도깨비] K게임 소개 영상을 보고 동심으로 돌아갔습니다! 감격스럽다..(PEARLABYSS DokeV) [4K],https://www.youtube.com/watch?v=XLRWXvs_mNo
369,Inside DokeV: Game Overview Reaction,https://www.youtube.com/watch?v=PeUwmRLm-mM
370,This game will DESTROY Genshin Impact | DokeV,https://www.youtube.com/watch?v=bDM5CISevVw
371,REACCI N Gamescom 2021 DokeV,https://www.youtube.com/watch?v=qiUK-eTvA_w
372,DokeV Puts Pokemon Legends Arceus & GameFreak To Shame!,https://www.youtube.com/watch?v=4lrk8-qe6g4
373,DokeV - Trailer Gamescom 2021,https://www.youtube.com/watch?v=4m8cVvxDw3o
374,Halo Infinite Launch Fiasco | Gamescom | Elden Ring | DokeV | Death Stranding: The Backlog Ep. 54,https://www.youtube.com/watch?v=NkRmvuj_7IM
375,갓 겜의 등장 '도깨비(DokeV)' - 첫 공개 게임 플레이 트레일러 4K  역대급 비주얼  갓오브워의 아버지도 극찬한 게임 한국 게임의 가능성,https://www.youtube.com/watch?v=jo4CH0KoDX0
376,DokeV | Review dan Jadwal Rilis | Game UwU |,https://www.youtube.com/watch?v=HKyLhYrS3kk
377,도깨비 DokeV 펄어비스 신작 Pearl Abyss New Game 고맙습니다. 펄어비스,https://www.youtube.com/watch?v=LvjfOoo3Kpo
378,Better Quality Reaction DokeV,https://www.youtube.com/watch?v=cWw9JiiBOv0
379,DokeV - Gamescom Trailer Rockstar (Piano Tutorial + Sheets),https://www.youtube.com/watch?v=aBWO3r3ureE
380,펄어비스 하반기 주가 전망 / 메타버스 플랫폼에 구현한 신작 게임 '도깨비(DokeV)'의 트레일러를 공개 / 기준가 85.000원,https://www.youtube.com/watch?v=cPQVEO30SEQ
381,DokeV Song - ROCKSTAR (TAK Remix ver.) | 8ighty88,https://www.youtube.com/watch?v=zkSUyJldVjo
382,[      ] DokeV - ROCKSTAR,https://www.youtube.com/watch?v=PEtdmYa82jQ
383,DokeV Reaction. First time watch!,https://www.youtube.com/watch?v=xd2RL66GI2U
384,"OST : DokeV - ""ROCKSTAR"" (Official Soundtrack Trailer Version)",https://www.youtube.com/watch?v=ZDM9LgxnrSk
385,DokeV Has a New Gameplay Trailer!,https://www.youtube.com/watch?v=sv9iB_SZQ_w
386,DokeV Trailer Reaction               ,https://www.youtube.com/watch?v=HPqxcKkbqAA
387,dokev 캐릭터 만드는 척 하기_고민상담 해드림,https://www.youtube.com/watch?v=t8t6lim0pl4
388,In DokeV. New Open World action Game! #Shorts #Game2021 #DokeV,https://www.youtube.com/watch?v=ftwi-NWot4k
389,"DOKEV, HORIZON 2, PS SHOWCASE y la NUEVA PS5 - HABLANDO DE VIDEOJUEGOS   ",https://www.youtube.com/watch?v=VhuQbWtXXTo
390,DokeV Gameplay New Update Gamescom 2021,https://www.youtube.com/watch?v=yQ3m8naB2Rg
391,"DokeV/                  ,                ",https://www.youtube.com/watch?v=-stzDVpq9a0
392,DokeV - First Trailer 2019,https://www.youtube.com/watch?v=Veh2PuhMqVU
393,도깨비 (DokeV) - 첫 공개 게임플레이 (펄어비스 신작),https://www.youtube.com/watch?v=pnFY2MrMgbg
394,REACTION: Opening Night Live | DOKEV | Saints Row | Halo Infinite | Gamescom 2021 - TLG Reacts,https://www.youtube.com/watch?v=cL7FBzXRcm8
395,"펄어비스, 메타버스 승부수  도깨비(DokeV)  게임 대박 흥행 예고[Gamescom 2021]",https://www.youtube.com/watch?v=0JkTThuaeSQ
396,도깨비(DokeV) 유저반응모음,https://www.youtube.com/watch?v=VNttqBXbG4U
397,와! 도깨비(DokeV)! 펄어비스 주주라 행복합니다,https://www.youtube.com/watch?v=icwsvGFtg00
398,DokeV (도깨비) TEASER TRAILER Upcoming Game from Pearl Abyss,https://www.youtube.com/watch?v=3NjB0RBAsJI
399,My Reaction To The Dokev Trailer - Gamescom ONL 2021,https://www.youtube.com/watch?v=B9hxKGp6jgI
400,If Pokemon + Monster Hunter Had a Game (DokeV - Official Extended Gameplay Trailer),https://www.youtube.com/watch?v=fT4vd6WeWnw
401,Dokev The Best Looking Game Ever Is This The Pokemon Killer,https://www.youtube.com/watch?v=t1Trlc3Az3w
402,Dokev : Gameplay El juego m s Hermoso y  nico Android/IOS,https://www.youtube.com/watch?v=fJ9YG_HhBAI
403,펄어비스 도깨비 DokeV OST 락스타,https://www.youtube.com/watch?v=wVWv4phlnBo
404,새로운 메타버스 회사가 나타났다? | 펄어비스 | 도깨비 | DokeV,https://www.youtube.com/watch?v=d23zdvv1dWw
405,DokeV   Game Overview 4K Trailer   JP/KR/TW   PS5 XSX PC,https://www.youtube.com/watch?v=1cvs9aIupYE
406,Livestream - DokeV Fanart Friday!,https://www.youtube.com/watch?v=IA8kqPGuydI
407,ROCKSTAR _ 도깨비 DokeV 공식 발표 트레일러 OST | Kalimba cover 칼림바 커버,https://www.youtube.com/watch?v=Go_EMvCFts8
408,"  ""Rockstar (TAK Remix)"" 1시간 | 도깨비 Dokev  ",https://www.youtube.com/watch?v=0mN3106K2_U
409,"Cultura Geek TV: Halo,Dokev, Starfield, Riders Republic, Matrix 4 y teor as de Spiderman No way Home",https://www.youtube.com/watch?v=xHT6aF3XJRI
410,한국게임의 희망. 진짜 감동이다. DoKeV,https://www.youtube.com/watch?v=sMzqqTaIdPA
411,현실판 도깨비(feat. DokeV - Rock Strar),https://www.youtube.com/watch?v=bwskKtNB0rg
412,펄어비스 도깨비(Dokev) 매드무비 - 아름다운 강산,https://www.youtube.com/watch?v=AO06ui-ZNJY
413,도깨비. 첫 공개 트레일러 4K,https://www.youtube.com/watch?v=RQ1ZaOgUP9o
414,DokeV : Gameplay Trailer / drum cover,https://www.youtube.com/watch?v=bGi4Dbjfc_4
415,                   DokeV (            DokeV ) DokeV Trailer 2021 - DokeV - Trailer gamescom 2021,https://www.youtube.com/watch?v=7O84KPgC0_I
416,DokeV - Game Yang Berhasil Membuatku Jatuh Cinta Pada Pandangan Pertama,https://www.youtube.com/watch?v=ttZHpTtZeC4
417,DokeV - Gamescom 2021 Gameplay Trailer | PS5,https://www.youtube.com/watch?v=1thekk9XcOc
418,Dokev Over Pokemon 100%,https://www.youtube.com/watch?v=aDSjOq45nXU
419,DokeV |TRAILER | PEARL ABYSS | The best game of 2019,https://www.youtube.com/watch?v=rsuLedGkRbk
420,YourRAGE Reacts To New DokeV Game (Official Extended Gameplay Trailer) | gamescom 2021,https://www.youtube.com/watch?v=WnLTmXxJgVU
421,DokeV ft Nyanpasu - Official Extended Gameplay Trailer | gamescom 2021,https://www.youtube.com/watch?v=hwC__uzp8rA
422,도깨비(DokeV) - 월드 프리미어 게임플레이 트레일러,https://www.youtube.com/watch?v=d4iTASGGAQ0
423,REACTION TRAILER GAME DOKEV 2021 #Dokev #PearlAbyss,https://www.youtube.com/watch?v=MohT6L1P3RA
424,[지스타 2019] 펄어비스 차기작 오픈월드 수집형 MMORPG 도깨비(Dokev) 트레일러 지스타 현장 반응,https://www.youtube.com/watch?v=iivTIv1dVkw
425,DokeV - Gameplay Trailer Gamescom 2021,https://www.youtube.com/watch?v=iLNSakdX63A
426,DokeV shows off its monster-collecting gameplay,https://www.youtube.com/watch?v=uk7Re6aOhCo
427,DokeV - World Premiere Gameplay Trailer reaction MASHUP,https://www.youtube.com/watch?v=7blBdic1Edo
428,DokeV's First Gameplay Trailer Premiered at gamescom 2021 [ iOS & Android ],https://www.youtube.com/watch?v=oCZuUooegoQ
429,DOKEV - NEW GAME,https://www.youtube.com/watch?v=lJ39Y90pEMo
430,DokeV - Official Extended Gameplay Trailer| j4games 2021,https://www.youtube.com/watch?v=QaiJicqMQoc
431,The new Pearl Abyss game DokeV song Rockstar English Lyrics repeating 5 times. 펄어비스 도깨비 게임 OST 가사,https://www.youtube.com/watch?v=ILJRpIBJZNg
432,Masader - Rainbow (Unofficial 'DokeV' Fan Made Music),https://www.youtube.com/watch?v=kuEkrGXSDso
433,DokeV hardest difficulty,https://www.youtube.com/watch?v=oTYWeyqyUwU
434,"오랜만에 기대되는 국산 게임, 도깨비 트레일러 영상 Dokev",https://www.youtube.com/watch?v=HApYD35hWBo
435,DOKEV DECOUVERTE PRESENTATION [GAMESCOM 2021],https://www.youtube.com/watch?v=yDdXL7Y1XrY
436,Dokev Gameplay Trailer Gamescom 2021 (Open World Upcoming Game 2021),https://www.youtube.com/watch?v=ugJoJKKwsSA
437,엄청난 모습을 보여주는 도깨비 DoKeV,https://www.youtube.com/watch?v=YSHFTQRBmHE
438,Livestream - DokeV Fanart Continued!,https://www.youtube.com/watch?v=vBj-QslxHMU
439,[Beat Saber] DokeV - ROCKSTAR (TAK Remix Version) [Full Body Tracking],https://www.youtube.com/watch?v=Cdic8qEpgvo
440,"DokeV - ROCKSTAR (TAK Remix) (Expert+) 95,03% SS-Rank (FC) | Beat Saber",https://www.youtube.com/watch?v=x8KLpwVAqY0
441,DokeV - Pokemon-like creature-collecting open world action-adventure,https://www.youtube.com/watch?v=hQQGIySJPJI
442,DOKEV / TR ILER + REACCI N en ESPA OL / DIOS QUE GRAFICASOS   - CastMocha784,https://www.youtube.com/watch?v=gSBxlw8PgaI
443,DoKeV - Gameplay Trailer Console & PC (NEW),https://www.youtube.com/watch?v=u05yLs2XaBE
444,DokeV But With Pokemon Song | DokeV Gameplay Trailer,https://www.youtube.com/watch?v=HUn1LCsjb3M
445,"The very first Pearl Abyss game DokeV trailer song Rockstar English Lyrics repeating 5 times, 도깨비 가사",https://www.youtube.com/watch?v=thb11vpk_bk
446,5 Games Like DokeV,https://www.youtube.com/watch?v=N-35RO62juc
447,"펄어비스 도깨비 2019 지스타 트레일러(DokeV, Pearlabyss, G STAR 2019)",https://www.youtube.com/watch?v=nFfPQk99bU4
448,펄어비스 도깨비(DokeV) - 첫 공개 인 게임플레이 트레일러 4K,https://www.youtube.com/watch?v=EcykEgY-Rn8
449,"내 인생과 게임, 추억, 그리고 도깨비(DokeV)",https://www.youtube.com/watch?v=y2GTZwpa1fo
450,DokeV Trailer Reaction!,https://www.youtube.com/watch?v=KSOG7gdbyvc
451,펄어비스 - 도깨비(DokeV) 게임플레이 와~ 소름~ 2021,https://www.youtube.com/watch?v=k0rsZGdslXc
452,YourRAGE Reacts To DokeV - Official Extended Gameplay Trailer | gamescom 2021,https://www.youtube.com/watch?v=Se44daDKDaI
453,게임 도깨비(DokeV) 트레일러 OST - Rockstar Original ver. 5시간 무한재생 광고없음 노동요,https://www.youtube.com/watch?v=uZhM9JGHyfY
454,DokeV Trailer OST song - ROCKSTAR(TAK Remix),https://www.youtube.com/watch?v=w3jIP8UqO9A
455,도깨비(DOkeV) 게임 플레이 공개! 펄어비스가  쳐버렸습니다,https://www.youtube.com/watch?v=ytT8edaGfKI
456,DokeV의 캐릭터는 왜 아이일까?,https://www.youtube.com/watch?v=7OdgO8pO5UI
457,도깨비(DOKEV) - 트레일러 감상하기,https://www.youtube.com/watch?v=Szjl9_48Bxk
458,THIS NEW GAME IS INSANE!! | DokeV | Joradonic,https://www.youtube.com/watch?v=ZarT1jsW6Cs
459,Rockstar(Remixed by TAK)(DokeV Trailer OST)INST Ver.,https://www.youtube.com/watch?v=TFo7tbJl9ug
460,GAME MUNDO ABERTO DOKEV GR FICO PERFEITO #SHORTS,https://www.youtube.com/watch?v=4ToKJg6oggw
461,[펄어비스 도깨비 공식 발표 트레일러] [Pearlabyss Dokev Official Reveal Trailer],https://www.youtube.com/watch?v=4ebg1P8TJ2I
462,"[Beat Saber] DokeV - ""ROCKSTAR"" (TAK Remix Version)",https://www.youtube.com/watch?v=2nd4Hnz2rkE
463,DokeV- Official Extended Gameplay Trailer (Android) 2021,https://www.youtube.com/watch?v=Ew3QdZaw-9Y
464,G-star 2019 by pearL abys dokev and crimson desert officiaL traiLer,https://www.youtube.com/watch?v=BfQeGiXYEsQ
465,dokev for android How to play,https://www.youtube.com/watch?v=EQ8qYqSvP6Y
466,DokeV REACTION,https://www.youtube.com/watch?v=sM9rMaiTrsA
467,펄 어비스 신작게임! 도깨비(Dokev) 새로운 정보 오버뷰 소식 정리- 얼른 펄어비스 주가 사야돼!,https://www.youtube.com/watch?v=aBwHAp9AIpo
468,WTF is DokeV?,https://www.youtube.com/watch?v=YW_5zo1xRio
469,DOKEV Juego MMO Open World (Nuevo Trailer) Android,https://www.youtube.com/watch?v=WzHLMG3jHIA
470,MOBS #160 - DokeV: Aliste-se j !,https://www.youtube.com/watch?v=ch0lkTx9KUY
471,"This Is The Wildest Game Trailer You'll See In 2021 (DokeV Announcement, New Monster Collector MMO)",https://www.youtube.com/watch?v=uaxx-b-FjQ4
472,The TOP 10 most BUSSIN games of Gamescom 2021 WILL DOKEV CAUSE AN EARTHQUAKE AND TAKE THE TOP SPOT?,https://www.youtube.com/watch?v=_MpaMc_OUXA
473,[Beat Saber](Expert) ROCKSTAR (TAK Remix) - DokeV(도깨비)(f.헬가로),https://www.youtube.com/watch?v=NaqaVrmRhdE
474,Dokev Trailer | Upcoming New Mobile Game,https://www.youtube.com/watch?v=-f96Ee5ttRQ
475,도깨비(DokeV)&검은사막(Black desert) 패러디 영상 #shorts,https://www.youtube.com/watch?v=jGx1eJNBg6g
476,New mobile game Dokev coming soon,https://www.youtube.com/watch?v=I5DYD8Oiaok
477,NEW Open-World Korean Pok mon Game | DokeV,https://www.youtube.com/watch?v=3ReGTWysTDo
478,DokeV   Bande-annonce officielle,https://www.youtube.com/watch?v=-cdwnLvLmiE
479,펄어비스 신작 도깨비 게임스컴2021 트레일러 DokeV World Premiere Gameplay Trailer gamescom 2021,https://www.youtube.com/watch?v=jI026WkikhA
480,DokeV,https://www.youtube.com/watch?v=ZNDj_9EcJ8E
481,펄어비스 신작 도깨비(DokeV) 월드 프리미어 게임플레이 트레일러 [GAMESCOM 2021],https://www.youtube.com/watch?v=a61Se6zdH0k
482,DokeV Gameplay Trailer | Gamescom Opening Night Live 2021 Trailer,https://www.youtube.com/watch?v=kgcssTHRKTU
483,DokeV - Gameplay Trailer gamescom 2021,https://www.youtube.com/watch?v=60AdUDTZX_g
484,DokeV - Gameplay Gamescom 2021 Trailer,https://www.youtube.com/watch?v=hNAdqyc5xdw
485,도깨비(DoKeV) 게임콘 트레일러 영상내 글자 번역 (DoKeV Translation),https://www.youtube.com/watch?v=Ot4FlJ8l_4M
486,DokeV! BEST GAME OF 2022 - Pearl Abyss NEW MMORPG - POKEMON LIKE PIXAR GAME,https://www.youtube.com/watch?v=peDBYWDnQ8U
487, 도깨비 DOKEV GAME MOVIE,https://www.youtube.com/watch?v=197XS15cBGI
488,DokeV- ANDROID / IOS - GAMEPLAY,https://www.youtube.com/watch?v=NkoD9janBhU
489,도깨비[출시:2022년]MMORPG/판타지/오픈월드[티저트레일러]/DokeV,https://www.youtube.com/watch?v=ZSpAazqsOvU
490,DokeV looks neat. It has polar bears.,https://www.youtube.com/watch?v=kh5_hL9b5k8
491,"DokeV - ""ROCKSTAR"" - Official World Premiere Gameplay Trailer Song Music",https://www.youtube.com/watch?v=eOAWUHSYSZM
492,펄어버스 신작 도깨비(DokeV)리뷰,https://www.youtube.com/watch?v=zVij6xXrQm4
493,DokeV - Gameplay Trailer 4K | Gamescom 2021,https://www.youtube.com/watch?v=lp99pY1iQc0
494,도깨비(DokeV) 펄어비스 첫 공개 게임플레이 트레일러 영상,https://www.youtube.com/watch?v=jpwl0NiBiIw
495,DOKEV- MONSTER COLLECTING OPEN WORLD GAME?! FIRSTLOOK! EVERYONE WILL LOVE TO PLAY THIS,https://www.youtube.com/watch?v=WtiFXGR4xPI
496,"Gamescom 2021: Saints Row, Cult of the Lamb, DokeV, Marvel & Much More",https://www.youtube.com/watch?v=JC7jWNet0Os
497,"[Beat Saber] 노래도 좋고 기대가 되네요. / DokeV - ""ROCKSTAR"" (TAK Remix Version)",https://www.youtube.com/watch?v=_SwGFgCgNhU
498,[비트세이버] DoKeV 트레일러 OST - Rockstar(Expert모드),https://www.youtube.com/watch?v=6kr3ntD5Vio
499,도깨비 DokeV   게임 플레이 트레일러  ,https://www.youtube.com/watch?v=x0KMDQE3dZE
500,펄어버스 DokeV OST 락스타 Rockstar,https://www.youtube.com/watch?v=VH27fiqOCLk
501,Pearlabyss  DOKEV ,https://www.youtube.com/watch?v=znE79OY_xqY
502,JOGO AO ESTILO POKEMON? DOKEV VEM EM 2022 - RADARMMO CAST #8,https://www.youtube.com/watch?v=nhzbX8TANHE
503,DokeV,https://www.youtube.com/watch?v=aF5G--8dM-w
504,DokeV - M sica ORIGINAL - 1 Hora  ,https://www.youtube.com/watch?v=W3qKOW4As7E
505,"펄어비스 신작 도깨비 DokeV 소개,,,펄어비스 상한가 가냐??",https://www.youtube.com/watch?v=yTBe3V3I5iU
506,DokeV(도깨비) 공식 트레일러,https://www.youtube.com/watch?v=8zGywkQTgBs
507,DokeV   Bande Annonce de Gameplay (2021) | Open World NEXT GEN,https://www.youtube.com/watch?v=mfHZvmIdesk
508,YOURRAGE REACTS TO Dokev Official GamePlay,https://www.youtube.com/watch?v=r4l-TYpUDC4
509,DOKEV:GAME PLAY  ,https://www.youtube.com/watch?v=-qbPtdMSNSM
510,DokeV Gameplay Trailer | Gamescom 2021                     ,https://www.youtube.com/watch?v=Pu5TH0ZjimI
511,03_2_Sound design Portfolio DokeV Trailer (with bgm),https://www.youtube.com/watch?v=ec2dtUz0w_U
512,03_1_Sound design Portfolio DokeV Trailer (no bgm),https://www.youtube.com/watch?v=PFbYuqPcljM
513,DokeV Official Extended Gameplay Trailer [4K],https://www.youtube.com/watch?v=WCovkVAMi-8
514,Lets Talk About DokeV! - DokeV Gameplay Trailer Discussion & Breakdown,https://www.youtube.com/watch?v=DdP_sKkpxRM
515,펄어비스 도깨비 DokeV OST 락스타,https://www.youtube.com/watch?v=3H4GOx6d8Zo
516,New Game: DokeV - Official Reveal Trailer[4K],https://www.youtube.com/watch?v=YJZhyVICv3k
517,Dokev (도깨비)역대급 화질 게임 플레이어 영상공식트레일러 영상,https://www.youtube.com/watch?v=hiVBGMcMeHg
518,[Beat Saber] ROCKSTAR (락스타) 가사 | 공식 발표 트레일러 OST - 도깨비 DokeV,https://www.youtube.com/watch?v=oWSrXYXOoYM
519,DokeV - Trailer Oficial,https://www.youtube.com/watch?v=zXK4_ly4kpw
520,DokeV - Official Extended Gameplay Trailer | DokeV - World Premiere Gameplay Trailer,https://www.youtube.com/watch?v=9ctdP1DxiDw
521,펄어비스 도깨비 OST - Rockstar 1시간 연속재생(DokeV 노동요) DokeV 1 hour continuous play,https://www.youtube.com/watch?v=ohlgHqlCl8A
522,DokeV World Premiere Gameplay Trailer - Gamescom 2021,https://www.youtube.com/watch?v=ltDplhw2u4o
523,"Gamescom Opening Night Recap - The best Games! Beyond Park, DokeV, Midnight Suns and more!",https://www.youtube.com/watch?v=DqH38rNauqQ
524,펄어비스 신작게임 도깨비(DokeV) - 월드 프리미어 게임플레이 트레일러 | Gamescom 2021,https://www.youtube.com/watch?v=jFCcaDDeW7I
525,DokeV Gameplay Trailer / 펄 어비스 도깨비 공식 발표 트레일러 / 나오면 꼭 해보고 싶은게임! 노래도 너무좋고~잊어버릴거 같아서 보관,https://www.youtube.com/watch?v=Ll6ygcwaAgo
526,DokeV Official Gameplay Trailer (4K) | Gamescom 2021,https://www.youtube.com/watch?v=5QwIp7wLMgY
527,DokeV World Premiere Gameplay Trailer | Gamescom 2021 (1080P- 60FPS),https://www.youtube.com/watch?v=ZpqdDMTfoes
528,드디어 한국판 GTA 귀엽고 개성 넘치는 도 넘는 게임 [도깨비] DokeV World Premiere Gameplay Trailer gamescom 2021,https://www.youtube.com/watch?v=sFvuNHMwiyE
529,Beat Saber DokeV - ROCKSTAR feat moncimoov,https://www.youtube.com/watch?v=ED_CSPt5MYs
530,DokeV - Trailer d'annuncio,https://www.youtube.com/watch?v=oNSTiEbOi7I
531,도깨비(DokeV) - 공식 발표 트레일러 | Pearl Abyss Connect 2019,https://www.youtube.com/watch?v=eHs3OfaGGhU
532,도깨비(DokeV) Gameplay Trailer gamescom 2021,https://www.youtube.com/watch?v=tPYt56yWFcE
533,"DokeV - Official Reveal Trailer: About this game, Gameplay Trailer",https://www.youtube.com/watch?v=nLw_CxeZ9YY
534,"DokeV Official Cinematic Trailer - Gamescom 2021 | PS4, Xbox One, Windows",https://www.youtube.com/watch?v=uGvgLbETO74
535,DokeV - Confira o trailer de anuncio do Jogo da Pearl Abyss,https://www.youtube.com/watch?v=JLH8MGVhmHs
536,도깨비(DokeV) - 월드 프리미어 게임플레이 트레일러,https://www.youtube.com/watch?v=YBaemqekBdM
537,"Review Trailer Dokev , Game Ter-HD Abad Ini ?",https://www.youtube.com/watch?v=kvq4nhweazI
538,  EL POKEMON de los CREADORES de BLACK DESERT | DokeV Nuevo MMORPG | Gamescome 2021,https://www.youtube.com/watch?v=gsrM5tUh-KA
539,DOKEV Next-Gen PS5  Gamescom 2021 Gameplay Trailer HDR 60FPS,https://www.youtube.com/watch?v=8VZH4lR-h9A
540,DokeV from Pearl Abyss Android/iOS Full HD Trailer Video so Cool Game for Mobile,https://www.youtube.com/watch?v=mmWFjDbFFv8
541,GAME ANDROID PALING SERU (calon) : DOKEV,https://www.youtube.com/watch?v=bcN_KsKBf-0
542,Yeni Macera Oyunu ( DokeV ) Fraqman,https://www.youtube.com/watch?v=Rx4UANGyvLs
543,DokeV Gameplay Trailer (World Premiere) | Platforms TBA,https://www.youtube.com/watch?v=xefELndAZF8
544,DokeV [PC] Gameplay Trailer,https://www.youtube.com/watch?v=uKLuw5WCPQE
545,펄어비스 신작 도깨비(DokeV) | 첫 공개 게임 플레이 트레일러,https://www.youtube.com/watch?v=Oo7EmNftTVo
546,Cosmic Collision by Yakine / Geometry Dash DoKeV Games,https://www.youtube.com/watch?v=3zEZ_2OTpC8
547,DokeV- ANDROID / IOS - GAMEPLAY TRAILER,https://www.youtube.com/watch?v=7pKrAGEg6xY
548,DokeV - Official Extended Gameplay Reveal Trailer | World Premiere (Gamescom2021),https://www.youtube.com/watch?v=rAmVHk4pHdE
549,"DokeV Official Gameplay Trailer - Gamescom 2021 | PS4, Xbox One, Windows",https://www.youtube.com/watch?v=ldM4D4mm0QU
550,"DokeV, una especie de Pokemon supervitaminado",https://www.youtube.com/watch?v=YlGIJVQhiws
551,DokeV 도깨비 펄어비스 게임 기대작,https://www.youtube.com/watch?v=Pbb5EUsG7t0
552,DokeV - Tr iler de Gameplay Gamescom 2021,https://www.youtube.com/watch?v=zqFpt5AjrN8
553,펄어비스 도깨비 스피드페인팅|PearlAbyss dokev speedpaint,https://www.youtube.com/watch?v=KJgmv7ziL2E
554,DokeV - ROCKSTAR (TAK Remix),https://www.youtube.com/watch?v=9nwmP6F3Fik
555, 도깨비 DOKEV GAME MOVIE,https://www.youtube.com/watch?v=TEymArQLNO0
556,DokeV | 028 boi,https://www.youtube.com/watch?v=Fx_zQZGZUg4
557,DokeV - Trailer de Revela  o *1080P*,https://www.youtube.com/watch?v=qcHBID-UQ4s
558,DokeV - Official Extended Gameplay Trailer hd - gamescom 2021,https://www.youtube.com/watch?v=ppprrBPmYJA
559,DokeV Official Gameplay Trailer,https://www.youtube.com/watch?v=DupqXGnAFe4
560,K게임을 보고 감동의 눈물이 나다니   '도깨비DokeV' 최초 게임 플레이 트레일러,https://www.youtube.com/watch?v=8jo8_fQwlE8
561,펄어비스 도깨비Dokev PC.플스.모바일준비중 DokeV - Official Extended Gameplay Trailer | gamescom 2021,https://www.youtube.com/watch?v=4YN6rMHq8m4
562,신겜 도깨비 트레일러 ROCKSTAR (TAK Mix) 1시간 l DokeV Trailer ROCKSTAR (TAK Mix) 1hours,https://www.youtube.com/watch?v=YOUMRW6B6Ko
563,DokeV - highlights gameplay fantsy open world mmo game,https://www.youtube.com/watch?v=KKahnHhoxEU
564,"Gameplay IRONMAN Captain Avengers, NEWS DokeV MOBILE , MARVEL FUTURE REVOLUTION.",https://www.youtube.com/watch?v=ftRDNKZJDYQ
565,DokeV - Official Extended Gameplay Trailer | gamescom 2021,https://www.youtube.com/watch?v=M_XpY7SiSSk
566,DokeV Official Extended Gameplay Trailer 2021 Game m i,https://www.youtube.com/watch?v=uQD4dNiEr6E
567, DokeV               700                               ,https://www.youtube.com/watch?v=gGDC0Kg0bQM
568,DOKEV Video #dokev,https://www.youtube.com/watch?v=xVvKRvdYlgU
569,펄어비스 도깨비 (Dokev) 매드무비 - 아름다운 강산,https://www.youtube.com/watch?v=DWOxiB8m91k
570,DokeV Official Extended Gameplay Trailer gamescom 2021,https://www.youtube.com/watch?v=ul_i0EPuNBs
571,DokeV - Official Extended Gameplay Trailer | gamescom 2021,https://www.youtube.com/watch?v=ug4BV0b5Ikg
572,DOKEV NEW MONSTER TAMING ONLINE RPG - TRAILER ANALYSIS AND MORE DETAILS! GAMESCOM 2021,https://www.youtube.com/watch?v=zWllGGcM5Cg
573,도깨비(DokeV) - 게임플레이 트레일러,https://www.youtube.com/watch?v=oKOVSFFGoMs
574,DokeV - Official Reveal Trailer,https://www.youtube.com/watch?v=Wyko8Wi2MU0
575,DokeV World Premiere Gamescon 2021 & Pearl Abyss Connect 2019 Trailer,https://www.youtube.com/watch?v=23eiPrlwy-4
576,도깨비(DoKeV) OST-1시간30분 반복재생(1hour 30minute Loop),https://www.youtube.com/watch?v=hI80SjvVH2A
577,Dokev Game Trailer,https://www.youtube.com/watch?v=TwV_h1hG7G0
578,DokeV Official Gameplay Trailer Gamescom 2021 4K    60   ,https://www.youtube.com/watch?v=u2hcBLhHNz8
579,Well DokeV Game is a vibe and we're here for it...#gamescom2021,https://www.youtube.com/watch?v=bNQCGqye7mw
580,DokeV - World Premiere Gameplay Trailer - gamescom 2021,https://www.youtube.com/watch?v=Vc8fU4UaRF4
581,DokeV - Official Extended Gameplay Trailer _ games,https://www.youtube.com/watch?v=8i3LHZ2urlg
582,"DOKEV - WORLD PREMIERE GAMEPLAY TRAILER GAMESCOM, INCRIVEL!!",https://www.youtube.com/watch?v=7IFvB1Wbv24
583,DokeV,https://www.youtube.com/watch?v=lJV_fuXibqk
584,펄어비스의 야심찬 첫 수집형 액션어드벤처 게임! 도깨비DokeV 월드 프리미어 게임플레이 트레일러 Gamescom 2021,https://www.youtube.com/watch?v=uk38uKkZ9Rc
585,DokeV | Gameplay Trailer at Gamescom 2021,https://www.youtube.com/watch?v=8Ojm5B6nVj0
586,DokeV Gameplay Trailer Gamers - Reaction at Gamescom 2021,https://www.youtube.com/watch?v=OX-jUjuqGaA
587,DokeV Official Extended Gameplay Trailer | 2021,https://www.youtube.com/watch?v=TTXLKkJbzn4
